Game,Home,P_home_win,P_away_win,Pred_score_diff,P_played
1,OLY,0.579,0.42100000000000004,2.14,1
2,PAO,0.428,0.5720000000000001,-2.15,1
3,OLY,0.577,0.42300000000000004,2.14,1
4,PAO,0.427,0.573,-2.09,0.726
5,OLY,0.565,0.43500000000000005,1.98,0.354
